-- phpMyAdmin SQL Dump
-- version 4.8.5
-- https://www.phpmyadmin.net/
--
-- Host: 127.0.0.1:3306
-- Generation Time: Feb 09, 2020 at 11:38 AM
-- Server version: 5.7.26
-- PHP Version: 7.1.29

SET SQL_MODE = "NO_AUTO_VALUE_ON_ZERO";
SET AUTOCOMMIT = 0;
START TRANSACTION;
SET time_zone = "+00:00";


/*!40101 SET @OLD_CHARACTER_SET_CLIENT=@@CHARACTER_SET_CLIENT */;
/*!40101 SET @OLD_CHARACTER_SET_RESULTS=@@CHARACTER_SET_RESULTS */;
/*!40101 SET @OLD_COLLATION_CONNECTION=@@COLLATION_CONNECTION */;
/*!40101 SET NAMES utf8mb4 */;

--
-- Database: `ims`
--

-- --------------------------------------------------------

--
-- Table structure for table `bills`
--

DROP TABLE IF EXISTS `bills`;
CREATE TABLE IF NOT EXISTS `bills` (
  `id` bigint(20) UNSIGNED NOT NULL AUTO_INCREMENT,
  `bill_date` date NOT NULL,
  `client_id` int(11) NOT NULL,
  `discount` double(8,2) NOT NULL,
  `grand_total` double(8,2) NOT NULL,
  `paid_amount` double(8,2) NOT NULL,
  `due_amount` double(8,2) NOT NULL,
  `created_at` timestamp NULL DEFAULT NULL,
  `updated_at` timestamp NULL DEFAULT NULL,
  `user_id` int(11) NOT NULL,
  PRIMARY KEY (`id`)
) ENGINE=MyISAM AUTO_INCREMENT=64 DEFAULT CHARSET=utf8mb4 COLLATE=utf8mb4_unicode_ci;

--
-- Dumping data for table `bills`
--

INSERT INTO `bills` (`id`, `bill_date`, `client_id`, `discount`, `grand_total`, `paid_amount`, `due_amount`, `created_at`, `updated_at`, `user_id`) VALUES
(1, '2019-12-01', 7, 500.00, 7000.00, 7000.00, 0.00, '2019-11-21 06:08:14', '2019-12-01 01:07:41', 0),
(2, '2019-11-21', 4, 200.00, 8300.00, 8060.00, 300.00, '2019-11-21 06:08:32', '2019-11-29 04:43:16', 0),
(3, '2019-11-21', 4, 200.00, 8300.00, 8200.00, 100.00, '2019-11-21 06:08:48', '2019-12-02 01:07:32', 0),
(4, '2019-11-21', 3, 50.00, 350.00, 350.00, 0.00, '2019-11-21 06:10:28', '2019-11-21 06:10:28', 0),
(5, '2019-11-21', 7, 0.00, 200.00, 200.00, 0.00, '2019-11-21 06:14:40', '2019-11-21 06:14:40', 0),
(6, '2019-11-24', 3, 500.00, 10800.00, 10000.00, 800.00, '2019-11-24 01:07:04', '2019-11-30 23:53:00', 0),
(7, '2019-11-24', 2, 500.00, 2000.00, 2000.00, 0.00, '2019-11-27 02:17:20', '2019-11-27 02:17:20', 0),
(8, '2019-11-28', 1, 500.00, 2000.00, 2000.00, 0.00, '2019-11-28 01:28:15', '2019-11-28 01:28:15', 0),
(9, '2019-11-28', 1, 500.00, 2000.00, 2000.00, 0.00, '2019-11-28 01:28:35', '2019-11-28 01:28:35', 0),
(10, '2019-11-28', 7, 1000.00, 11500.00, 23100.00, 400.00, '2019-11-28 01:36:35', '2020-01-20 00:54:27', 0),
(11, '2019-11-29', 2, 500.00, 2500.00, 2500.00, 0.00, '2019-11-29 04:54:11', '2019-12-02 02:18:01', 0),
(22, '2019-12-04', 9, 0.00, 1000.00, 1000.00, 0.00, '2019-12-03 01:42:19', '2019-12-04 02:56:18', 0),
(13, '2019-12-01', 6, 0.00, 1700.00, 1600.00, 100.00, '2019-12-01 02:04:16', '2019-12-02 02:22:56', 0),
(18, '2019-12-04', 3, 0.00, 300.00, 150.00, 150.00, '2019-12-02 02:52:19', '2019-12-04 02:57:51', 0),
(15, '2019-12-02', 1, 50.00, 1950.00, 1950.00, 0.00, '2019-12-02 00:40:04', '2019-12-02 00:59:54', 0),
(16, '2019-12-02', 4, 500.00, 9000.00, 9000.00, 0.00, '2019-12-02 00:41:51', '2019-12-02 00:59:43', 0),
(19, '2019-12-04', 7, 0.00, 500.00, 100.00, 400.00, '2019-12-02 03:01:46', '2019-12-04 02:42:47', 0),
(20, '2019-12-02', 7, 0.00, 200.00, 100.00, 100.00, '2019-12-02 03:05:08', '2019-12-02 03:06:25', 0),
(21, '2019-12-02', 1, 0.00, 500.00, 500.00, 0.00, '2019-12-02 03:06:59', '2019-12-02 03:50:59', 0),
(23, '2019-12-04', 6, 0.00, 1500.00, 1000.00, 500.00, '2019-12-03 03:04:18', '2019-12-04 02:55:56', 0),
(24, '2019-12-04', 9, 0.00, 5000.00, 2500.00, 2500.00, '2019-12-04 02:26:43', '2019-12-04 02:34:53', 0),
(25, '2019-12-04', 2, 0.00, 100.00, 25.00, 75.00, '2019-12-04 02:54:09', '2019-12-04 02:54:09', 0),
(26, '2019-12-04', 6, 0.00, 700.00, 700.00, 0.00, '2019-12-04 02:55:40', '2019-12-13 05:17:21', 0),
(27, '2019-12-06', 2, 0.00, 2000.00, 2000.00, 0.00, '2019-12-06 01:55:03', '2019-12-06 01:55:03', 0),
(28, '2019-12-08', 10, 0.00, 2000.00, 1500.00, 500.00, '2019-12-07 23:53:22', '2019-12-07 23:53:22', 0),
(29, '2019-12-08', 10, 0.00, 2000.00, 1500.00, 500.00, '2019-12-07 23:53:22', '2019-12-07 23:53:22', 0),
(30, '2019-12-08', 4, 0.00, 3000.00, 1530.00, 1470.00, '2019-12-08 01:08:47', '2019-12-08 01:08:47', 0),
(31, '2019-12-08', 9, 100.00, 300.00, 300.00, 0.00, '2019-12-08 02:38:38', '2019-12-08 02:38:38', 0),
(32, '2019-12-08', 6, 0.00, 100.00, 100.00, 0.00, '2019-12-08 03:41:25', '2019-12-08 03:41:25', 0),
(33, '2019-12-13', 11, 200.00, 5000.00, 5000.00, 0.00, '2019-12-13 00:54:36', '2019-12-13 00:54:36', 0),
(34, '2019-12-13', 9, 0.00, 4500.00, 3000.00, 1500.00, '2019-12-13 00:55:52', '2019-12-13 00:55:52', 0),
(35, '2019-12-13', 10, 0.00, 7500.00, 7500.00, 0.00, '2019-12-13 00:56:38', '2019-12-13 00:56:38', 0),
(36, '2019-12-13', 4, 0.00, 500.00, 500.00, 0.00, '2019-12-13 02:09:36', '2019-12-13 02:09:36', 0),
(37, '2019-12-13', 2, 0.00, 200.00, 0.00, 200.00, '2019-12-13 02:09:56', '2019-12-13 02:09:56', 0),
(38, '2019-12-18', 11, 0.00, 200.00, 155.00, 45.00, '2019-12-18 05:28:19', '2019-12-18 05:28:19', 0),
(39, '2019-12-18', 11, 0.00, 200.00, 155.00, 45.00, '2019-12-18 05:29:06', '2019-12-18 05:29:06', 0),
(40, '2019-12-18', 11, 0.00, 200.00, 155.00, 45.00, '2019-12-18 05:30:26', '2019-12-18 05:30:26', 0),
(41, '2019-12-18', 11, 0.00, 200.00, 155.00, 45.00, '2019-12-18 05:31:10', '2019-12-18 05:31:10', 0),
(42, '2019-12-18', 11, 0.00, 200.00, 155.00, 45.00, '2019-12-18 05:31:49', '2019-12-18 05:31:49', 0),
(43, '2019-12-18', 11, 50.00, 450.00, 420.00, 30.00, '2019-12-18 05:32:34', '2019-12-18 05:32:34', 0),
(44, '2019-12-18', 6, 0.00, 2000.00, 1535.00, 465.00, '2019-12-18 05:48:46', '2019-12-18 05:48:46', 0),
(45, '2019-12-30', 115, 0.00, 198.00, 0.00, 198.00, '2019-12-30 02:05:11', '2019-12-30 02:05:11', 0),
(46, '2019-12-30', 115, 0.00, 198.00, 0.00, 198.00, '2019-12-30 02:05:55', '2019-12-30 02:05:55', 0),
(47, '2020-01-06', 102, 0.00, 1000.00, 100.00, 900.00, '2020-01-06 02:08:30', '2020-01-06 02:08:30', 0),
(51, '2020-01-07', 9, 0.00, 60.00, 35.00, 25.00, '2020-01-07 05:14:27', '2020-01-07 05:16:42', 0),
(52, '2020-01-08', 120, 0.00, 1200.00, 1000.00, 200.00, '2020-01-08 02:25:41', '2020-01-08 02:25:41', 0),
(53, '2020-01-12', 9, 0.00, 12.00, 12.00, 0.00, '2020-01-12 02:03:33', '2020-01-27 02:19:11', 1),
(54, '2020-01-20', 1, 0.00, 500.00, 250.00, 250.00, '2020-01-20 00:56:18', '2020-01-20 00:58:35', 1),
(55, '2020-01-21', 10, 5.00, 25.00, 25.00, 0.00, '2020-01-21 02:56:17', '2020-01-21 02:56:49', 1),
(56, '2020-01-27', 9, 0.00, 15060.00, 15060.00, 0.00, '2020-01-27 01:25:38', '2020-01-27 01:25:38', 1),
(57, '2020-01-27', 6, 0.00, 400.00, 150.00, 250.00, '2020-01-27 04:12:21', '2020-01-27 04:12:21', 1),
(58, '2020-01-31', 6, 0.00, 200.00, 200.00, 0.00, '2020-01-31 02:33:01', '2020-01-31 02:33:01', 1),
(59, '2020-01-31', 6, 0.00, 200.00, 200.00, 0.00, '2020-01-31 02:33:06', '2020-01-31 02:33:06', 1),
(60, '2020-01-31', 6, 0.00, 200.00, 200.00, 0.00, '2020-01-31 02:33:06', '2020-01-31 02:33:06', 1),
(61, '2020-02-03', 6, 100.00, 9500.00, 9000.00, 500.00, '2020-02-03 02:59:39', '2020-02-03 02:59:39', 1),
(62, '2020-02-03', 1, 0.00, 500.00, 500.00, 0.00, '2020-02-03 03:04:56', '2020-02-03 03:04:56', 1),
(63, '2020-02-09', 6, 1.00, 4000.00, 4000.00, 0.00, '2020-02-09 02:37:45', '2020-02-09 02:37:45', 42);

-- --------------------------------------------------------

--
-- Table structure for table `clients`
--

DROP TABLE IF EXISTS `clients`;
CREATE TABLE IF NOT EXISTS `clients` (
  `id` bigint(20) UNSIGNED NOT NULL AUTO_INCREMENT,
  `client_name` varchar(191) COLLATE utf8mb4_unicode_ci NOT NULL,
  `client_address` varchar(191) COLLATE utf8mb4_unicode_ci NOT NULL,
  `client_contact` varchar(191) COLLATE utf8mb4_unicode_ci NOT NULL,
  `created_at` timestamp NULL DEFAULT NULL,
  `updated_at` timestamp NULL DEFAULT NULL,
  `email` varchar(191) COLLATE utf8mb4_unicode_ci DEFAULT NULL,
  `user_id` int(11) NOT NULL,
  PRIMARY KEY (`id`)
) ENGINE=MyISAM AUTO_INCREMENT=127 DEFAULT CHARSET=utf8mb4 COLLATE=utf8mb4_unicode_ci;

--
-- Dumping data for table `clients`
--

INSERT INTO `clients` (`id`, `client_name`, `client_address`, `client_contact`, `created_at`, `updated_at`, `email`, `user_id`) VALUES
(1, 'Ram Shankhar', 'Bhaktapur', '9841123457', '2019-10-21 10:10:34', '2019-11-26 01:15:09', 'ram.shankhar@gmail.com', 1),
(2, 'John', 'Kavre', '9841234567', '2019-10-21 10:10:45', '2020-01-06 04:42:03', NULL, 1),
(3, 'Molina', 'Kathmandu', '9841000000', '2019-10-21 10:10:59', '2019-11-11 05:32:18', 'molina07@gmail.com', 1),
(4, 'Smith', 'Dharan', '9841254254', '2019-10-21 10:11:12', '2019-10-21 10:11:12', '', 1),
(6, 'Hari', 'Bhaktapur', '980989809', '2019-11-08 01:32:55', '2019-11-17 05:43:02', NULL, 1),
(7, 'Tom', 'Somewhere', '9841212121', '2019-11-10 05:33:31', '2019-11-10 05:33:31', '', 2),
(9, 'Baby', 'Miami', '01223645', '2019-12-03 01:41:23', '2019-12-03 01:41:23', NULL, 1),
(10, 'Cling', 'Lalitpur', '9841554465', '2019-12-06 02:03:29', '2019-12-06 02:03:29', NULL, 1),
(11, 'Aneeda', 'Bhaktapur', '9841526341', '2019-12-12 00:40:43', '2019-12-12 00:40:43', NULL, 2),
(104, 'Ram Sir Ji', 'Somewhere', '9841325656', '2019-12-26 04:51:13', '2019-12-30 05:53:06', NULL, 1),
(125, 'Intopros', 'Sanepa', '9841357951', '2020-01-12 02:05:29', '2020-01-12 02:05:29', 'intopros@intopros.com', 1),
(120, 'Phiraz', 'Thimi', '546213', '2020-01-01 03:02:07', '2020-01-01 03:02:07', 'phi@intopros.com', 1);

-- --------------------------------------------------------

--
-- Table structure for table `failed_jobs`
--

DROP TABLE IF EXISTS `failed_jobs`;
CREATE TABLE IF NOT EXISTS `failed_jobs` (
  `id` bigint(20) UNSIGNED NOT NULL AUTO_INCREMENT,
  `connection` text COLLATE utf8mb4_unicode_ci NOT NULL,
  `queue` text COLLATE utf8mb4_unicode_ci NOT NULL,
  `payload` longtext COLLATE utf8mb4_unicode_ci NOT NULL,
  `exception` longtext COLLATE utf8mb4_unicode_ci NOT NULL,
  `failed_at` timestamp NOT NULL DEFAULT CURRENT_TIMESTAMP,
  PRIMARY KEY (`id`)
) ENGINE=MyISAM DEFAULT CHARSET=utf8mb4 COLLATE=utf8mb4_unicode_ci;

-- --------------------------------------------------------

--
-- Table structure for table `migrations`
--

DROP TABLE IF EXISTS `migrations`;
CREATE TABLE IF NOT EXISTS `migrations` (
  `id` int(10) UNSIGNED NOT NULL AUTO_INCREMENT,
  `migration` varchar(191) COLLATE utf8mb4_unicode_ci NOT NULL,
  `batch` int(11) NOT NULL,
  PRIMARY KEY (`id`)
) ENGINE=MyISAM AUTO_INCREMENT=73 DEFAULT CHARSET=utf8mb4 COLLATE=utf8mb4_unicode_ci;

--
-- Dumping data for table `migrations`
--

INSERT INTO `migrations` (`id`, `migration`, `batch`) VALUES
(1, '2014_10_12_000000_create_users_table', 1),
(2, '2014_10_12_100000_create_password_resets_table', 1),
(3, '2019_08_19_000000_create_failed_jobs_table', 1),
(4, '2019_10_04_075003_create_products_table', 1),
(5, '2019_10_04_162653_add_user_id_to_products', 2),
(6, '2019_10_05_080525_add_product_image_to_products', 3),
(7, '2019_10_14_064822_create_orders_table', 4),
(10, '2019_10_14_071954_create_clients_table', 5),
(11, '2019_10_21_135320_add_client_name_to_orders', 5),
(12, '2019_10_21_154607_add_product_name_to_orders', 6),
(13, '2019_10_21_155141_re_create_clients_table', 6),
(14, '2019_11_03_075617_add_rate_to_orders', 7),
(15, '2019_11_05_074243_add_quantity_to_orders', 8),
(16, '2019_11_11_063041_create_stock_logs_table', 9),
(17, '2019_11_11_104914_add_email_to_clients', 10),
(18, '2019_11_12_174409_add_product_to_stock_logs', 11),
(19, '2019_11_13_065308_add_cost_price_to_stock_logs', 12),
(20, '2019_11_13_070110_add_client_to_stock_logs', 13),
(21, '2019_11_13_071457_add_user_id_to_stock_logs', 14),
(22, '2019_11_13_080302_add_type_to_stock_logs', 15),
(23, '2019_11_13_080956_add_rate_to_stock_logs', 16),
(24, '2019_11_13_084936_create_types_table', 17),
(25, '2019_11_13_103532_create_purchases_table', 18),
(26, '2019_11_13_104401_add_product_to_purchases', 19),
(27, '2019_11_13_104513_add_user_id_to_purchases', 20),
(28, '2019_11_13_105329_add_date_to_purchases', 21),
(29, '2019_11_13_113348_add_date_to_purchases', 22),
(30, '2019_11_14_061144_drop_stock_logs_table', 23),
(31, '2019_11_14_070453_add_order_id_to_purchases', 24),
(32, '2019_11_14_075430_rename_quantity_in_purchases_table', 25),
(33, '2019_11_14_081131_add_type_to_purchases', 26),
(34, '2019_11_14_085851_remove_order_id_from_purchases', 27),
(35, '2019_11_14_092236_add_type_to_orders', 28),
(36, '2019_11_14_120551_create_logs_table', 29),
(37, '2019_11_15_060933_add_total_cost_to_purchases', 30),
(38, '2019_11_15_063622_remove_vat_total_amount_from_orders', 31),
(39, '2019_11_15_065311_add_paid_amount_and_due_amount_to_purchases', 32),
(40, '2019_11_15_065627_add_paid_amount_and_due_amount_to_purchases', 33),
(41, '2019_11_15_074646_drop_logs_table', 34),
(42, '2019_11_15_100244_add_user_id_to_orders', 35),
(43, '2019_11_15_100501_add_user_id_to_clients', 36),
(44, '2019_11_17_112249_make_email_nullable_in_clients', 37),
(45, '2019_11_17_114017_rename_date_in_purchases_table', 38),
(46, '2019_11_18_060612_create_bills_table', 39),
(47, '2019_11_18_062515_add_bill_id_to_orders', 40),
(48, '2019_11_27_105640_create_pbills_table', 41),
(49, '2019_11_27_111121_add_pbill_id_to_purchases', 42),
(50, '2019_11_27_112627_remove_client_id_from_pbills', 43),
(51, '2019_11_27_112750_add_supplier_to_pbills', 44),
(52, '2019_11_28_064744_add_product_id_and_client_id_to_orders', 45),
(54, '2019_12_01_072518_create_payments_table', 46),
(55, '2019_12_01_114023_remove_paid_amount_and_due_amount_from_orders', 47),
(56, '2019_12_02_081048_add_due_amount_to_payments', 48),
(57, '2019_12_02_082947_rename_due_amount_in_payments_table', 49),
(58, '2019_12_04_082325_add_type_id_to_orders', 50),
(59, '2019_12_04_095055_add_product_id_to_purchases', 51),
(60, '2019_12_18_110110_add_user_id_to_payments', 52),
(61, '2019_12_24_104407_create_rates_table', 53),
(62, '2019_12_25_065836_add_product_id_and_client_rate_to_clients', 54),
(63, '2019_12_26_093633_remove_product_id_and_client_rate_from_clients', 55),
(64, '2020_01_07_112547_create_settings_table', 56),
(65, '2020_01_08_075655_remove_bill_number_from_bills', 57),
(66, '2020_01_10_060339_make_user_id_unique_in_settings', 58),
(67, '2020_01_12_073814_add_user_id_to_bills', 59),
(68, '2020_01_12_074348_add_user_id_to_pbills', 60),
(69, '2020_01_12_074538_add_user_id_to_rates', 61),
(70, '2020_01_20_054837_create_ppayments_table', 62),
(71, '2020_01_20_065252_remove_bill_number_from_pbills', 63),
(72, '2020_01_28_063240_add_is_admin_to_users', 64);

-- --------------------------------------------------------

--
-- Table structure for table `orders`
--

DROP TABLE IF EXISTS `orders`;
CREATE TABLE IF NOT EXISTS `orders` (
  `id` bigint(20) UNSIGNED NOT NULL AUTO_INCREMENT,
  `order_date` date NOT NULL,
  `sub_amount` double(8,2) NOT NULL,
  `discount` double(8,2) NOT NULL,
  `grand_total` double(8,2) NOT NULL,
  `created_at` timestamp NULL DEFAULT NULL,
  `updated_at` timestamp NULL DEFAULT NULL,
  `client_name` varchar(191) COLLATE utf8mb4_unicode_ci NOT NULL,
  `product_name` varchar(191) COLLATE utf8mb4_unicode_ci NOT NULL,
  `rate` varchar(191) COLLATE utf8mb4_unicode_ci NOT NULL,
  `quantity` int(11) NOT NULL,
  `type` varchar(191) COLLATE utf8mb4_unicode_ci NOT NULL,
  `user_id` int(11) NOT NULL,
  `bill_id` int(11) NOT NULL,
  `product_id` int(11) NOT NULL,
  `client_id` int(11) NOT NULL,
  `type_id` int(11) NOT NULL,
  PRIMARY KEY (`id`)
) ENGINE=MyISAM AUTO_INCREMENT=185 DEFAULT CHARSET=utf8mb4 COLLATE=utf8mb4_unicode_ci;

--
-- Dumping data for table `orders`
--

INSERT INTO `orders` (`id`, `order_date`, `sub_amount`, `discount`, `grand_total`, `created_at`, `updated_at`, `client_name`, `product_name`, `rate`, `quantity`, `type`, `user_id`, `bill_id`, `product_id`, `client_id`, `type_id`) VALUES
(120, '2019-11-28', 2000.00, 500.00, 2000.00, NULL, '2019-11-29 04:51:12', 'John', 'Shirt', '1000', 2, 'Sale', 1, 7, 13, 2, 2),
(127, '2019-11-29', 3000.00, 500.00, 2500.00, NULL, '2019-11-29 05:27:08', 'John', 'Jackets', '1500', 2, 'Sale', 1, 11, 14, 2, 2),
(129, '2019-12-01', 200.00, 0.00, 1700.00, NULL, NULL, 'Hari', 'Scarf', '100', 2, 'Sale', 1, 13, 18, 6, 2),
(76, '2019-12-01', 7500.00, 500.00, 7000.00, '2019-11-17 00:31:06', '2019-12-01 01:07:41', 'Tom', 'T-Shirt', '500', 15, 'Sale', 1, 1, 9, 7, 2),
(73, '2019-11-20', 1500.00, 50.00, 1450.00, '2019-11-15 04:53:31', '2019-11-29 04:50:31', 'Tom', 'Socks', '100', 15, 'Sale', 1, 2, 19, 7, 2),
(121, '2019-11-28', 500.00, 500.00, 2000.00, NULL, '2019-11-29 04:51:12', 'John', 'T-Shirt', '500', 1, 'Sale', 1, 7, 9, 2, 2),
(119, '2019-11-28', 200.00, 500.00, 10800.00, NULL, '2019-11-28 04:40:58', 'Molina', 'Scarf', '100', 2, 'Sale', 1, 6, 18, 3, 2),
(118, '2019-11-28', 4500.00, 500.00, 10800.00, NULL, '2019-11-28 04:40:58', 'Molina', 'Jackets', '1500', 3, 'Sale', 1, 6, 14, 3, 2),
(117, '2019-11-28', 4000.00, 500.00, 10800.00, NULL, '2019-11-28 04:40:58', 'Molina', 'Shirt', '1000', 4, 'Sale', 1, 6, 13, 3, 2),
(116, '2019-11-28', 2500.00, 500.00, 10800.00, NULL, '2019-11-28 04:40:58', 'Molina', 'T-Shirt', '500', 5, 'Sale', 1, 6, 9, 3, 2),
(115, '2019-11-21', 200.00, 0.00, 200.00, NULL, NULL, 'Tom', 'Scarf', '100', 2, 'Sale', 1, 5, 18, 7, 2),
(114, '2019-11-21', 200.00, 50.00, 350.00, NULL, NULL, 'Molina', 'Scarf', '100', 2, 'Sale', 1, 4, 18, 3, 2),
(113, '2019-11-21', 200.00, 50.00, 350.00, NULL, NULL, 'Molina', 'Socks', '100', 2, 'Sale', 1, 4, 19, 3, 2),
(111, '2019-11-21', 7500.00, 200.00, 8300.00, NULL, '2019-11-29 01:53:57', 'Smith', 'Jackets', '1500', 5, 'Sale', 1, 3, 14, 4, 2),
(112, '2019-11-21', 1000.00, 200.00, 8300.00, NULL, '2019-11-29 01:53:57', 'Smith', 'T-Shirt', '500', 2, 'Sale', 1, 3, 9, 4, 2),
(122, '2019-11-28', 2500.00, 500.00, 2000.00, NULL, NULL, 'Ram Shankhar', 'T-Shirt', '500', 5, 'Sale', 1, 9, 9, 1, 2),
(123, '2019-11-28', 5000.00, 1000.00, 23500.00, NULL, '2019-11-28 04:33:07', 'Tom', 'Shirt', '1000', 2, 'Sale', 1, 10, 13, 7, 2),
(124, '2019-11-28', 7500.00, 1000.00, 23500.00, NULL, '2019-11-28 04:33:08', 'Tom', 'Jackets', '1500', 5, 'Sale', 1, 10, 14, 7, 2),
(128, '2019-12-01', 1500.00, 0.00, 1700.00, NULL, NULL, 'Hari', 'Jackets', '1500', 1, 'Sale', 1, 13, 14, 6, 2),
(125, '2019-11-28', 12000.00, 1000.00, 23500.00, NULL, NULL, 'Tom', 'Shirt', '1000', 12, 'Sale', 1, 10, 13, 7, 2),
(126, '2019-11-28', 100.00, 500.00, 10800.00, NULL, NULL, 'Molina', 'Socks', '100', 1, 'Sale', 1, 6, 19, 3, 2),
(130, '2019-12-02', 1000.00, 50.00, 1950.00, NULL, NULL, 'Ram Shankhar', 'Socks', '100', 10, 'Sale', 1, 15, 19, 1, 2),
(131, '2019-12-02', 1000.00, 50.00, 1950.00, NULL, NULL, 'Ram Shankhar', 'Scarf', '100', 10, 'Sale', 1, 15, 18, 1, 2),
(132, '2019-12-02', 5000.00, 500.00, 9000.00, NULL, NULL, 'Smith', 'Shirt', '1000', 5, 'Sale', 1, 16, 13, 4, 2),
(133, '2019-12-02', 4500.00, 500.00, 9000.00, NULL, NULL, 'Smith', 'Jackets', '1500', 3, 'Sale', 1, 16, 14, 4, 2),
(134, '2019-12-03', 2000.00, 200.00, 2300.00, NULL, NULL, 'John', 'Shirt', '1000', 2, 'Sale', 1, 17, 13, 2, 0),
(135, '2019-12-03', 500.00, 200.00, 2300.00, NULL, NULL, 'John', 'Socks', '100', 5, 'Sale', 1, 17, 19, 2, 0),
(136, '2019-12-04', 300.00, 0.00, 300.00, NULL, '2019-12-04 02:57:51', 'Molina', 'Scarf', '100', 3, 'Sale', 1, 18, 18, 3, 2),
(137, '2019-12-04', 500.00, 0.00, 500.00, NULL, '2019-12-04 02:42:47', 'Tom', 'Scarf', '100', 5, 'Sale', 1, 19, 18, 7, 0),
(138, '2019-12-02', 200.00, 0.00, 200.00, NULL, NULL, 'Tom', 'Scarf', '100', 2, 'Sale', 1, 20, 18, 7, 0),
(139, '2019-12-02', 500.00, 0.00, 500.00, NULL, NULL, 'Ram Shankhar', 'Scarf', '100', 5, 'Sale', 1, 21, 18, 1, 0),
(140, '2019-12-04', 1000.00, 0.00, 1000.00, NULL, '2019-12-04 02:56:18', 'Baby', 'Scarf', '100', 10, 'Sale', 1, 22, 18, 9, 2),
(141, '2019-12-04', 1000.00, 0.00, 1500.00, NULL, '2019-12-04 02:55:56', 'Hari', 'T-Shirt', '500', 2, 'Sale', 1, 23, 9, 6, 2),
(142, '2019-12-04', 500.00, 0.00, 1500.00, NULL, '2019-12-04 02:55:56', 'Hari', 'Socks', '100', 5, 'Sale', 1, 23, 19, 6, 2),
(143, '2019-12-04', 5000.00, 0.00, 5000.00, NULL, '2019-12-04 02:56:05', 'Baby', 'Shirt', '1000', 5, 'Sale', 1, 24, 13, 9, 2),
(144, '2019-12-04', 500.00, 0.00, 700.00, NULL, '2019-12-04 05:15:15', 'Hari', 'T-Shirt', '500', 1, 'Sale', 1, 26, 9, 6, 2),
(145, '2019-12-04', 200.00, 0.00, 700.00, NULL, NULL, 'Hari', 'Scarf', '100', 2, 'Sale', 1, 26, 18, 6, 2),
(146, '2019-12-06', 2000.00, 0.00, 2000.00, NULL, NULL, 'John', 'Shirt', '1000', 2, 'Sale', 1, 27, 13, 2, 2),
(147, '2019-12-08', 500.00, 0.00, 2000.00, NULL, NULL, 'Cling', 'T-Shirt', '500', 1, 'Sale', 1, 29, 9, 10, 2),
(148, '2019-12-08', 1500.00, 0.00, 2000.00, NULL, NULL, 'Cling', 'Jackets', '1500', 1, 'Sale', 1, 29, 14, 10, 2),
(149, '2019-12-08', 500.00, 0.00, 2000.00, NULL, NULL, 'Cling', 'T-Shirt', '500', 1, 'Sale', 1, 28, 9, 10, 2),
(150, '2019-12-08', 1500.00, 0.00, 2000.00, NULL, NULL, 'Cling', 'Jackets', '1500', 1, 'Sale', 1, 28, 14, 10, 2),
(151, '2019-12-08', 3000.00, 0.00, 3000.00, NULL, NULL, 'Smith', 'Shirt', '1000', 3, 'Sale', 1, 30, 13, 4, 2),
(152, '2019-12-08', 400.00, 100.00, 300.00, NULL, NULL, 'Baby', 'Socks', '100', 4, 'Sale', 1, 31, 19, 9, 2),
(153, '2019-12-08', 100.00, 0.00, 100.00, NULL, NULL, 'Hari', 'Socks', '100', 1, 'Sale', 1, 32, 19, 6, 2),
(154, '2019-12-13', 1500.00, 200.00, 5000.00, '2019-12-13 00:54:37', NULL, 'Aneeda', 'Jackets', '1500', 1, 'Sale', 1, 33, 14, 11, 2),
(155, '2019-12-13', 200.00, 200.00, 5000.00, '2019-12-13 00:54:37', NULL, 'Aneeda', 'Scarf', '100', 2, 'Sale', 1, 33, 18, 11, 2),
(156, '2019-12-13', 500.00, 200.00, 5000.00, '2019-12-13 00:54:37', NULL, 'Aneeda', 'Socks', '100', 5, 'Sale', 1, 33, 19, 11, 2),
(157, '2019-12-13', 3000.00, 200.00, 5000.00, '2019-12-13 00:54:37', NULL, 'Aneeda', 'Pant', '1500', 2, 'Sale', 1, 33, 28, 11, 2),
(158, '2019-12-13', 4500.00, 0.00, 4500.00, '2019-12-13 00:55:53', NULL, 'Baby', 'Jackets', '1500', 3, 'Sale', 1, 34, 14, 9, 2),
(159, '2019-12-13', 7500.00, 0.00, 7500.00, '2019-12-13 00:56:38', NULL, 'Cling', 'Jackets', '1500', 5, 'Sale', 1, 35, 14, 10, 2),
(160, '2019-12-13', 500.00, 0.00, 500.00, '2019-12-13 02:09:37', NULL, 'Smith', 'Socks', '100', 5, 'Sale', 1, 36, 19, 4, 2),
(161, '2019-12-13', 200.00, 0.00, 200.00, '2019-12-13 02:09:56', NULL, 'John', 'Socks', '100', 2, 'Sale', 1, 37, 19, 2, 2),
(163, '2019-12-18', 2000.00, 0.00, 2000.00, '2019-12-18 05:48:46', NULL, 'Hari', 'Shirt', '1000', 2, 'Sale', 2, 44, 13, 6, 2),
(167, '2020-01-07', 60.00, 0.00, 60.00, '2020-01-07 05:14:27', NULL, 'Baby', 'Scarf', '6', 10, 'Sale', 1, 51, 18, 9, 2),
(168, '2020-01-08', 1200.00, 0.00, 1200.00, '2020-01-08 02:25:41', NULL, 'Phiraz', 'Socks', '100', 12, 'Sale', 1, 52, 19, 120, 2),
(169, '2020-01-12', 12.00, 0.00, 12.00, '2020-01-12 02:03:33', NULL, 'Baby', 'Scarf', '6', 2, 'Sale', 1, 53, 18, 9, 2),
(170, '2020-01-20', 500.00, 0.00, 500.00, '2020-01-20 00:56:18', NULL, 'Ram Shankhar', 'New Product', '100', 5, 'Sale', 1, 54, 53, 1, 2),
(171, '2020-01-21', 30.00, 5.00, 25.00, '2020-01-21 02:56:17', NULL, 'Cling', 'Scarf', '10', 3, 'Sale', 1, 55, 18, 10, 2),
(172, '2020-01-27', 3000.00, 0.00, 15060.00, '2020-01-27 01:25:38', NULL, 'Baby', 'Tie', '300', 10, 'Sale', 1, 56, 63, 9, 2),
(173, '2020-01-27', 12000.00, 0.00, 15060.00, '2020-01-27 01:25:38', NULL, 'Baby', 'Jackets', '1200', 10, 'Sale', 1, 56, 55, 9, 2),
(174, '2020-01-27', 60.00, 0.00, 15060.00, '2020-01-27 01:25:38', NULL, 'Baby', 'Shirt', '6', 10, 'Sale', 1, 56, 13, 9, 2),
(175, '2020-01-27', 400.00, 0.00, 400.00, '2020-01-27 04:12:22', NULL, 'Hari', 'Scarf', '100', 4, 'Sale', 1, 57, 18, 6, 2),
(176, '2020-01-31', 200.00, 0.00, 200.00, '2020-01-31 02:33:01', NULL, 'Hari', 'Scarf', '100', 2, 'Sale', 1, 58, 18, 6, 2),
(177, '2020-01-31', 200.00, 0.00, 200.00, '2020-01-31 02:33:06', NULL, 'Hari', 'Scarf', '100', 2, 'Sale', 1, 59, 18, 6, 2),
(178, '2020-01-31', 200.00, 0.00, 200.00, '2020-01-31 02:33:06', NULL, 'Hari', 'Scarf', '100', 2, 'Sale', 1, 60, 18, 6, 2),
(179, '2020-02-03', 3600.00, 100.00, 9500.00, '2020-02-03 02:59:39', NULL, 'Hari', 'Jackets', '1200', 3, 'Sale', 1, 61, 55, 6, 2),
(180, '2020-02-03', 5000.00, 100.00, 9500.00, '2020-02-03 02:59:39', NULL, 'Hari', 'Shirt', '1000', 5, 'Sale', 1, 61, 13, 6, 2),
(181, '2020-02-03', 1000.00, 100.00, 9500.00, '2020-02-03 02:59:39', NULL, 'Hari', 'Scarf', '100', 10, 'Sale', 1, 61, 18, 6, 2),
(182, '2020-02-03', 500.00, 0.00, 500.00, '2020-02-03 03:04:56', NULL, 'Ram Shankhar', 'T-Shirt', '500', 1, 'Sale', 1, 62, 9, 1, 2),
(183, '2020-02-09', 1.00, 1.00, 4000.00, '2020-02-09 02:37:45', NULL, 'Hari', 'Pant', '1', 1, 'Sale', 42, 63, 28, 6, 2),
(184, '2020-02-09', 4000.00, 1.00, 4000.00, '2020-02-09 02:37:45', NULL, 'Hari', 'Tie', '200', 20, 'Sale', 42, 63, 63, 6, 2);

-- --------------------------------------------------------

--
-- Table structure for table `password_resets`
--

DROP TABLE IF EXISTS `password_resets`;
CREATE TABLE IF NOT EXISTS `password_resets` (
  `email` varchar(191) COLLATE utf8mb4_unicode_ci NOT NULL,
  `token` varchar(191) COLLATE utf8mb4_unicode_ci NOT NULL,
  `created_at` timestamp NULL DEFAULT NULL,
  KEY `password_resets_email_index` (`email`)
) ENGINE=MyISAM DEFAULT CHARSET=utf8mb4 COLLATE=utf8mb4_unicode_ci;

--
-- Dumping data for table `password_resets`
--

INSERT INTO `password_resets` (`email`, `token`, `created_at`) VALUES
('ayush@gmail.com', '$2y$10$3VdAa1.e59613Kkc5M18ZOUdAnRdPpV0cT..ZEBT0YkDwcSfDS5vW', '2019-11-11 02:12:36'),
('ayush.prajapati07@gmail.com', '$2y$10$RLgEYKJl4ZbTlv5u0FaWcufTPmo8TiEKcZfpfIObvjcU5BYGlKDiS', '2020-02-07 04:32:36');

-- --------------------------------------------------------

--
-- Table structure for table `payments`
--

DROP TABLE IF EXISTS `payments`;
CREATE TABLE IF NOT EXISTS `payments` (
  `id` bigint(20) UNSIGNED NOT NULL AUTO_INCREMENT,
  `payment_date` date NOT NULL,
  `bill_id` int(11) NOT NULL,
  `paid_amount` double(8,2) NOT NULL,
  `created_at` timestamp NULL DEFAULT NULL,
  `updated_at` timestamp NULL DEFAULT NULL,
  `prev_due_amount` double NOT NULL,
  `user_id` int(11) NOT NULL,
  PRIMARY KEY (`id`)
) ENGINE=MyISAM AUTO_INCREMENT=80 DEFAULT CHARSET=utf8mb4 COLLATE=utf8mb4_unicode_ci;

--
-- Dumping data for table `payments`
--

INSERT INTO `payments` (`id`, `payment_date`, `bill_id`, `paid_amount`, `created_at`, `updated_at`, `prev_due_amount`, `user_id`) VALUES
(1, '2019-12-01', 13, 1500.00, '2019-12-01 02:04:16', '2019-12-01 02:04:16', 0, 1),
(2, '2019-12-01', 11, 350.00, '2019-12-01 04:55:11', '2019-12-01 04:55:11', 0, 1),
(12, '2019-12-02', 11, -700.00, '2019-12-02 02:18:01', '2019-12-02 02:18:01', 0, 1),
(5, '2019-12-02', 15, 1000.00, '2019-12-02 00:40:04', '2019-12-02 00:40:04', 0, 1),
(6, '2019-12-02', 16, 8000.00, '2019-12-02 00:41:51', '2019-12-02 00:41:51', 0, 1),
(7, '2019-12-02', 16, 700.00, '2019-12-02 00:49:23', '2019-12-02 00:49:23', 0, 1),
(8, '2019-12-02', 16, 700.00, '2019-12-02 00:49:51', '2019-12-02 00:49:51', 0, 1),
(9, '2019-12-02', 16, -400.00, '2019-12-02 00:59:43', '2019-12-02 00:59:43', 0, 1),
(10, '2019-12-02', 15, 950.00, '2019-12-02 00:59:54', '2019-12-02 00:59:54', 0, 1),
(11, '2019-12-02', 3, 200.00, '2019-12-02 01:07:32', '2019-12-02 01:07:32', 0, 1),
(13, '2019-12-02', 13, 100.00, '2019-12-02 02:22:56', '2019-12-02 02:22:56', 0, 1),
(17, '2019-12-02', 18, 100.00, '2019-12-02 02:52:19', '2019-12-02 02:52:19', 200, 1),
(18, '2019-12-02', 18, 50.00, '2019-12-02 02:58:57', '2019-12-02 02:58:57', 150, 1),
(19, '2019-12-04', 19, 100.00, '2019-12-02 03:01:46', '2019-12-02 03:01:46', 500, 1),
(20, '2019-12-02', 19, 100.00, '2019-12-02 03:02:16', '2019-12-02 03:02:16', 400, 1),
(21, '2019-12-02', 20, 0.00, '2019-12-02 03:05:08', '2019-12-02 03:05:08', 200, 1),
(22, '2019-12-02', 20, 50.00, '2019-12-02 03:06:25', '2019-12-02 03:06:25', 200, 1),
(23, '2019-12-02', 21, 0.00, '2019-12-02 03:06:59', '2019-12-02 03:06:59', 500, 1),
(24, '2019-12-02', 21, 50.00, '2019-12-02 03:07:45', '2019-12-02 03:07:45', 500, 1),
(25, '2019-12-02', 21, 100.00, '2019-12-02 03:11:32', '2019-12-02 03:11:32', 450, 1),
(26, '2019-12-02', 21, 50.00, '2019-12-02 03:12:24', '2019-12-02 03:12:24', 350, 1),
(27, '2019-12-02', 21, 100.00, '2019-12-02 03:13:11', '2019-12-02 03:13:11', 300, 1),
(28, '2019-12-02', 21, 200.00, '2019-12-02 03:50:59', '2019-12-02 03:50:59', 200, 1),
(29, '2019-12-02', 10, 5000.00, '2019-12-02 04:38:28', '2019-12-02 04:38:28', 10000, 1),
(30, '2019-12-02', 10, 2000.00, '2019-12-02 05:35:39', '2019-12-02 05:35:39', 5000, 1),
(31, '2019-12-03', 22, 1000.00, '2019-12-03 01:42:19', '2019-12-03 01:42:19', 0, 0),
(32, '2019-12-03', 23, 1000.00, '2019-12-03 03:04:18', '2019-12-03 03:04:18', 500, 0),
(33, '2019-12-04', 24, 2500.00, '2019-12-04 02:26:43', '2019-12-04 02:26:43', 2500, 0),
(34, '2019-12-04', 25, 25.00, '2019-12-04 02:54:09', '2019-12-04 02:54:09', 75, 0),
(35, '2019-12-04', 26, 250.00, '2019-12-04 02:55:40', '2019-12-04 02:55:40', 250, 0),
(36, '2019-12-06', 27, 2000.00, '2019-12-06 01:55:04', '2019-12-06 01:55:04', 0, 0),
(37, '2019-12-08', 29, 1500.00, '2019-12-07 23:53:22', '2019-12-07 23:53:22', 500, 0),
(38, '2019-12-08', 28, 1500.00, '2019-12-07 23:53:22', '2019-12-07 23:53:22', 500, 0),
(39, '2019-12-08', 30, 1530.00, '2019-12-08 01:08:47', '2019-12-08 01:08:47', 1470, 0),
(40, '2019-12-08', 31, 300.00, '2019-12-08 02:38:38', '2019-12-08 02:38:38', 0, 0),
(41, '2019-12-08', 32, 100.00, '2019-12-08 03:41:25', '2019-12-08 03:41:25', 0, 0),
(42, '2019-12-13', 33, 5000.00, '2019-12-13 00:54:36', '2019-12-13 00:54:36', 0, 0),
(43, '2019-12-13', 34, 3000.00, '2019-12-13 00:55:52', '2019-12-13 00:55:52', 1500, 0),
(44, '2019-12-13', 35, 7500.00, '2019-12-13 00:56:38', '2019-12-13 00:56:38', 0, 0),
(45, '2019-12-13', 36, 500.00, '2019-12-13 02:09:37', '2019-12-13 02:09:37', 0, 0),
(46, '2019-12-13', 37, 0.00, '2019-12-13 02:09:56', '2019-12-13 02:09:56', 200, 0),
(47, '2019-12-13', 26, 200.00, '2019-12-13 05:17:22', '2019-12-13 05:17:22', 200, 0),
(54, '2020-01-06', 47, 100.00, '2020-01-06 02:08:30', '2020-01-06 02:08:30', 900, 1),
(53, '2019-12-30', 46, 0.00, '2019-12-30 02:05:55', '2019-12-30 02:05:55', 198, 1),
(52, '2019-12-30', 45, 0.00, '2019-12-30 02:05:12', '2019-12-30 02:05:12', 198, 1),
(51, '2019-12-18', 44, 1535.00, '2019-12-18 05:48:46', '2019-12-18 05:48:46', 465, 2),
(58, '2020-01-07', 51, 10.00, '2020-01-07 05:14:27', '2020-01-07 05:14:27', 50, 1),
(59, '2020-01-07', 51, 5.00, '2020-01-07 05:15:55', '2020-01-07 05:15:55', 45, 1),
(60, '2020-01-07', 51, 15.00, '2020-01-07 05:16:42', '2020-01-07 05:16:42', 40, 1),
(61, '2020-01-08', 52, 1000.00, '2020-01-08 02:25:41', '2020-01-08 02:25:41', 200, 1),
(62, '2020-01-12', 53, 10.00, '2020-01-12 02:03:33', '2020-01-12 02:03:33', 2, 1),
(63, '2020-01-13', 10, 2000.00, '2020-01-13 01:24:21', '2020-01-13 01:24:21', 3000, 1),
(64, '2020-01-13', 10, 500.00, '2020-01-13 01:24:56', '2020-01-13 01:24:56', 1000, 1),
(65, '2020-01-20', 10, 100.00, '2020-01-20 00:54:27', '2020-01-20 00:54:27', 500, 1),
(66, '2020-01-20', 54, 100.00, '2020-01-20 00:56:18', '2020-01-20 00:56:18', 400, 1),
(67, '2020-01-20', 54, 100.00, '2020-01-20 00:57:14', '2020-01-20 00:57:14', 400, 1),
(68, '2020-01-20', 54, 50.00, '2020-01-20 00:58:35', '2020-01-20 00:58:35', 300, 1),
(69, '2020-01-21', 55, 20.00, '2020-01-21 02:56:17', '2020-01-21 02:56:17', 5, 1),
(70, '2020-01-21', 55, 5.00, '2020-01-21 02:56:49', '2020-01-21 02:56:49', 5, 1),
(71, '2020-01-27', 56, 15060.00, '2020-01-27 01:25:38', '2020-01-27 01:25:38', 0, 1),
(72, '2020-01-27', 53, 2.00, '2020-01-27 02:19:11', '2020-01-27 02:19:11', 2, 1),
(73, '2020-01-27', 57, 150.00, '2020-01-27 04:12:22', '2020-01-27 04:12:22', 250, 1),
(74, '2020-01-31', 58, 200.00, '2020-01-31 02:33:01', '2020-01-31 02:33:01', 0, 1),
(75, '2020-01-31', 59, 200.00, '2020-01-31 02:33:06', '2020-01-31 02:33:06', 0, 1),
(76, '2020-01-31', 60, 200.00, '2020-01-31 02:33:06', '2020-01-31 02:33:06', 0, 1),
(77, '2020-02-03', 61, 9000.00, '2020-02-03 02:59:39', '2020-02-03 02:59:39', 500, 1),
(78, '2020-02-03', 62, 500.00, '2020-02-03 03:04:56', '2020-02-03 03:04:56', 0, 1),
(79, '2020-02-09', 63, 4000.00, '2020-02-09 02:37:45', '2020-02-09 02:37:45', 0, 42);

-- --------------------------------------------------------

--
-- Table structure for table `pbills`
--

DROP TABLE IF EXISTS `pbills`;
CREATE TABLE IF NOT EXISTS `pbills` (
  `id` bigint(20) UNSIGNED NOT NULL AUTO_INCREMENT,
  `bill_date` date NOT NULL,
  `total_cost` double(8,2) NOT NULL,
  `paid_amount` double(8,2) NOT NULL,
  `due_amount` double(8,2) NOT NULL,
  `created_at` timestamp NULL DEFAULT NULL,
  `updated_at` timestamp NULL DEFAULT NULL,
  `supplier` varchar(191) COLLATE utf8mb4_unicode_ci NOT NULL,
  `user_id` int(11) NOT NULL,
  PRIMARY KEY (`id`)
) ENGINE=MyISAM AUTO_INCREMENT=18 DEFAULT CHARSET=utf8mb4 COLLATE=utf8mb4_unicode_ci;

--
-- Dumping data for table `pbills`
--

INSERT INTO `pbills` (`id`, `bill_date`, `total_cost`, `paid_amount`, `due_amount`, `created_at`, `updated_at`, `supplier`, `user_id`) VALUES
(1, '2019-11-27', 1300.00, 1300.00, 0.00, '2019-11-27 05:45:33', '2019-11-27 05:45:33', 'Oz', 0),
(2, '2019-12-03', 2800.00, 1500.00, 1300.00, '2019-12-03 01:34:52', '2019-12-03 01:34:52', 'Kk', 0),
(3, '2019-12-03', 2800.00, 2800.00, 0.00, '2019-12-03 01:35:24', '2019-12-03 01:35:24', 'Dk', 0),
(4, '2019-12-04', 6000.00, 5000.00, 1000.00, '2019-12-04 01:32:55', '2019-12-04 01:32:55', 'Ok', 0),
(5, '2019-12-04', 18000.00, 18000.00, 0.00, '2019-12-04 04:54:44', '2019-12-04 04:54:44', 'Ds', 0),
(6, '2019-12-04', 18000.00, 18000.00, 0.00, '2019-12-04 05:03:49', '2019-12-04 05:03:49', 'Ds', 0),
(7, '2019-12-04', 5000.00, 5000.00, 0.00, '2019-12-04 05:04:20', '2019-12-04 05:04:20', 'Pk', 0),
(8, '2019-12-04', 7400.00, 5000.00, 2400.00, '2019-12-04 05:05:35', '2019-12-04 05:25:59', 'Rk', 0),
(9, '2019-12-12', 50.00, 50.00, 0.00, '2019-12-08 03:40:10', '2019-12-12 04:46:30', 'Rk', 0),
(10, '2019-12-08', 40.00, 40.00, 0.00, '2019-12-08 03:40:38', '2019-12-08 03:40:38', 'Mk', 0),
(11, '2020-01-01', 2000.00, 1000.00, 1000.00, '2019-12-13 02:09:01', '2020-01-01 01:40:37', 'Nk', 0),
(12, '2020-01-12', 12000.00, 10000.00, 2000.00, '2020-01-12 02:06:35', '2020-01-12 02:06:35', 'Wk', 1),
(13, '2020-01-20', 500.00, 10.00, 490.00, '2020-01-20 00:22:42', '2020-01-20 01:15:44', 'Dk', 1),
(15, '2020-01-27', 9000.00, 9000.00, 0.00, '2020-01-27 01:19:52', '2020-01-27 01:19:52', 'Mee', 1),
(16, '2020-02-02', 6460.00, 0.00, 6460.00, '2020-02-02 01:56:34', '2020-02-02 01:56:34', 'Oz', 1),
(17, '2020-02-03', 40500.00, 40000.00, 500.00, '2020-02-03 02:57:45', '2020-02-03 02:57:45', 'Oz', 1);

-- --------------------------------------------------------

--
-- Table structure for table `ppayments`
--

DROP TABLE IF EXISTS `ppayments`;
CREATE TABLE IF NOT EXISTS `ppayments` (
  `id` bigint(20) UNSIGNED NOT NULL AUTO_INCREMENT,
  `payment_date` date NOT NULL,
  `pbill_id` int(11) NOT NULL,
  `paid_amount` double(8,2) NOT NULL,
  `prev_due_amount` double(8,2) NOT NULL,
  `user_id` int(11) NOT NULL,
  `created_at` timestamp NULL DEFAULT NULL,
  `updated_at` timestamp NULL DEFAULT NULL,
  PRIMARY KEY (`id`)
) ENGINE=MyISAM AUTO_INCREMENT=9 DEFAULT CHARSET=utf8mb4 COLLATE=utf8mb4_unicode_ci;

--
-- Dumping data for table `ppayments`
--

INSERT INTO `ppayments` (`id`, `payment_date`, `pbill_id`, `paid_amount`, `prev_due_amount`, `user_id`, `created_at`, `updated_at`) VALUES
(1, '2020-01-20', 13, 10.00, 490.00, 1, '2020-01-20 00:22:42', '2020-01-20 00:22:42'),
(2, '2020-01-20', 13, 10.00, 490.00, 1, '2020-01-20 00:52:56', '2020-01-20 00:52:56'),
(3, '2020-01-20', 13, 50.00, 480.00, 1, '2020-01-20 00:53:24', '2020-01-20 00:53:24'),
(4, '2020-01-20', 13, 30.00, 430.00, 1, '2020-01-20 00:59:25', '2020-01-20 00:59:25'),
(6, '2020-01-27', 15, 9000.00, 0.00, 1, '2020-01-27 01:19:53', '2020-01-27 01:19:53'),
(7, '2020-02-02', 16, 0.00, 6460.00, 1, '2020-02-02 01:56:34', '2020-02-02 01:56:34'),
(8, '2020-02-03', 17, 40000.00, 500.00, 1, '2020-02-03 02:57:46', '2020-02-03 02:57:46');

-- --------------------------------------------------------

--
-- Table structure for table `products`
--

DROP TABLE IF EXISTS `products`;
CREATE TABLE IF NOT EXISTS `products` (
  `id` bigint(20) UNSIGNED NOT NULL AUTO_INCREMENT,
  `name` varchar(191) COLLATE utf8mb4_unicode_ci NOT NULL,
  `quantity` int(11) NOT NULL,
  `rate` int(11) NOT NULL,
  `created_at` timestamp NULL DEFAULT NULL,
  `updated_at` timestamp NULL DEFAULT NULL,
  `user_id` int(11) NOT NULL,
  PRIMARY KEY (`id`)
) ENGINE=MyISAM AUTO_INCREMENT=64 DEFAULT CHARSET=utf8mb4 COLLATE=utf8mb4_unicode_ci;

--
-- Dumping data for table `products`
--

INSERT INTO `products` (`id`, `name`, `quantity`, `rate`, `created_at`, `updated_at`, `user_id`) VALUES
(9, 'T-Shirt', 9, 500, '2019-10-05 03:07:07', '2019-10-05 03:07:07', 2),
(13, 'Shirt', 16, 1000, '2019-10-05 05:41:17', '2019-11-15 04:52:30', 1),
(54, 'Trouser', 10, 100, '2020-01-20 01:36:28', '2020-01-20 01:36:28', 1),
(18, 'Scarf', 16, 100, '2019-11-13 11:44:01', '2019-11-13 11:44:01', 2),
(19, 'Socks', 23, 100, '2019-11-24 00:23:00', '2019-11-29 04:22:49', 1),
(28, 'Pant', 9, 1500, '2019-12-08 02:37:36', '2019-12-08 02:37:36', 1),
(55, 'Jackets', 12, 1200, '2020-01-20 01:36:43', '2020-01-20 01:36:43', 1),
(53, 'New Product', 15, 100, '2020-01-18 02:32:10', '2020-01-18 02:32:10', 2),
(63, 'Tie', 115, 250, '2020-01-27 01:14:40', '2020-01-27 01:15:32', 1);

-- --------------------------------------------------------

--
-- Table structure for table `purchases`
--

DROP TABLE IF EXISTS `purchases`;
CREATE TABLE IF NOT EXISTS `purchases` (
  `id` bigint(20) UNSIGNED NOT NULL AUTO_INCREMENT,
  `stock` int(11) NOT NULL,
  `cost_price` double(8,2) NOT NULL,
  `supplier` varchar(191) COLLATE utf8mb4_unicode_ci NOT NULL,
  `created_at` timestamp NULL DEFAULT NULL,
  `updated_at` timestamp NULL DEFAULT NULL,
  `product` varchar(191) COLLATE utf8mb4_unicode_ci NOT NULL,
  `user_id` int(11) NOT NULL,
  `purchase_date` date NOT NULL,
  `type` varchar(191) COLLATE utf8mb4_unicode_ci NOT NULL,
  `total_cost` double(8,2) NOT NULL,
  `paid_amount` double(8,2) NOT NULL,
  `due_amount` double(8,2) NOT NULL,
  `pbill_id` int(11) NOT NULL,
  `product_id` int(11) NOT NULL,
  PRIMARY KEY (`id`)
) ENGINE=MyISAM AUTO_INCREMENT=62 DEFAULT CHARSET=utf8mb4 COLLATE=utf8mb4_unicode_ci;

--
-- Dumping data for table `purchases`
--

INSERT INTO `purchases` (`id`, `stock`, `cost_price`, `supplier`, `created_at`, `updated_at`, `product`, `user_id`, `purchase_date`, `type`, `total_cost`, `paid_amount`, `due_amount`, `pbill_id`, `product_id`) VALUES
(14, 11, 600.00, 'Mee', '2019-11-15 04:11:36', '2019-11-15 04:11:36', 'Shirt', 1, '2019-11-15', 'Purchase', 6600.00, 6000.00, 600.00, 0, 13),
(10, 10, 600.00, 'Oz', '2019-11-15 02:54:43', '2019-11-15 04:12:10', 'T-Shirt', 1, '2019-11-14', 'Purchase', 6000.00, 6000.00, 0.00, 0, 9),
(24, 10, 50.00, 'Mee', '2019-11-15 05:32:06', '2019-11-19 04:09:20', 'Scarf', 1, '2019-11-16', 'Purchase', 500.00, 500.00, 0.00, 0, 18),
(22, 10, 50.00, 'Mee', '2019-11-15 05:30:48', '2019-11-15 05:30:48', 'Scarf', 1, '2019-11-16', 'Purchase', 500.00, 500.00, 0.00, 0, 18),
(23, 10, 50.00, 'Mee', '2019-11-15 05:31:47', '2019-11-15 05:31:47', 'Scarf', 1, '2019-11-16', 'Purchase', 500.00, 500.00, 0.00, 0, 18),
(25, 15, 50.00, 'Pk', '2019-11-15 05:33:07', '2019-11-15 05:33:07', 'Scarf', 1, '2019-11-16', 'Purchase', 250.00, 250.00, 0.00, 0, 18),
(26, 3, 50.00, 'Ak', '2019-11-15 05:34:32', '2019-11-15 05:34:32', 'Scarf', 1, '2019-11-16', 'Purchase', 150.00, 150.00, 0.00, 0, 18),
(27, 2, 50.00, 'Oz', '2019-11-15 05:35:17', '2019-11-15 05:35:17', 'Scarf', 1, '2019-11-16', 'Purchase', 100.00, 100.00, 0.00, 0, 18),
(28, 1, 500.00, 'Ram', '2019-11-15 05:36:04', '2019-11-15 05:36:04', 'T-Shirt', 1, '2019-11-16', 'Purchase', 500.00, 500.00, 0.00, 0, 9),
(29, 5, 400.00, 'Ak', '2019-11-15 05:44:59', '2019-11-15 05:44:59', 'Shirt', 1, '2019-11-16', 'Purchase', 2000.00, 2000.00, 0.00, 0, 13),
(30, 5, 200.00, 'Ak', '2019-11-17 03:40:02', '2019-11-17 03:40:02', 'T-Shirt', 1, '2019-11-17', 'Purchase', 1000.00, 1000.00, 0.00, 0, 9),
(31, 10, 200.00, 'Rk', '2019-11-17 03:41:00', '2019-11-17 03:41:00', 'T-Shirt', 1, '2019-11-18', 'Purchase', 2000.00, 2000.00, 0.00, 0, 9),
(32, 4, 100.00, 'Mee', '2019-11-18 05:51:34', '2019-11-18 05:51:34', 'Socks', 1, '2019-11-18', 'Purchase', 400.00, 400.00, 0.00, 0, 19),
(33, 5, 1500.00, 'Mee', '2019-11-19 03:20:02', '2019-11-19 04:13:15', 'Jackets', 1, '2019-11-20', 'Purchase', 7500.00, 7000.00, 500.00, 0, 14),
(34, 1, 100.00, 'Ak', '2019-11-19 03:22:00', '2019-11-19 03:22:00', 'Scarf', 1, '2019-11-19', 'Purchase', 100.00, 100.00, 0.00, 0, 18),
(35, 4, 100.00, 'Rk', '2019-11-21 06:11:47', '2019-11-21 06:11:47', 'Scarf', 1, '2019-11-21', 'Purchase', 400.00, 400.00, 0.00, 0, 18),
(36, 2, 1000.00, 'Ta', '2019-11-21 23:40:49', '2019-11-24 02:58:54', 'Shirt', 1, '2019-11-22', 'Purchase', 2000.00, 1500.00, 500.00, 0, 13),
(43, 28, 100.00, 'Kk', NULL, NULL, 'Scarf', 1, '2019-12-03', 'Purchase', 2800.00, 1500.00, 1300.00, 2, 18),
(44, 28, 100.00, 'Dk', NULL, NULL, 'Socks', 1, '2019-12-03', 'Purchase', 2800.00, 2800.00, 0.00, 3, 19),
(52, 15, 800.00, 'Wk', NULL, NULL, 'Pant', 1, '2020-01-12', 'Purchase', 12000.00, 10000.00, 2000.00, 12, 28),
(41, 2, 500.00, 'Oz', NULL, NULL, 'T-Shirt', 1, '2019-11-27', 'Purchase', 1300.00, 1300.00, 0.00, 1, 9),
(42, 3, 100.00, 'Oz', NULL, NULL, 'Scarf', 1, '2019-11-27', 'Purchase', 1300.00, 1300.00, 0.00, 1, 18),
(47, 5, 1000.00, 'Rk', NULL, '2019-12-04 05:25:59', 'Jackets', 1, '2019-12-04', 'Purchase', 7400.00, 5000.00, 2400.00, 8, 14),
(48, 3, 800.00, 'Rk', NULL, NULL, 'Shirt', 1, '2019-12-04', 'Purchase', 7400.00, 5000.00, 2400.00, 8, 13),
(49, 1, 50.00, 'Rk', NULL, '2019-12-12 04:46:30', 'Socks', 1, '2019-12-12', 'Purchase', 50.00, 50.00, 0.00, 9, 19),
(50, 1, 40.00, 'Mk', NULL, NULL, 'Socks', 1, '2019-12-08', 'Purchase', 40.00, 40.00, 0.00, 10, 19),
(51, 20, 50.00, 'Nk', NULL, NULL, 'Socks', 1, '2019-12-13', 'Purchase', 1000.00, 1000.00, 0.00, 11, 19),
(53, 5, 50.00, 'Dk', NULL, '2020-01-20 01:15:44', 'New Product', 1, '2020-01-20', 'Purchase', 500.00, 10.00, 490.00, 13, 53),
(54, 5, 50.00, 'Dk', NULL, NULL, 'Socks', 1, '2020-01-20', 'Purchase', 500.00, 10.00, 490.00, 13, 19),
(56, 45, 200.00, 'Mee', NULL, NULL, 'Tie', 1, '2020-01-27', 'Purchase', 9000.00, 9000.00, 0.00, 15, 63),
(57, 2, 30.00, 'Oz', NULL, NULL, 'Scarf', 1, '2020-02-02', 'Purchase', 6460.00, 0.00, 6460.00, 16, 18),
(58, 8, 800.00, 'Oz', NULL, NULL, 'Shirt', 1, '2020-02-02', 'Purchase', 6460.00, 0.00, 6460.00, 16, 13),
(59, 15, 1500.00, 'Oz', NULL, NULL, 'Jackets', 1, '2020-02-03', 'Purchase', 40500.00, 40000.00, 500.00, 17, 55),
(60, 20, 800.00, 'Oz', NULL, NULL, 'Shirt', 1, '2020-02-03', 'Purchase', 40500.00, 40000.00, 500.00, 17, 13),
(61, 25, 80.00, 'Oz', NULL, NULL, 'Scarf', 1, '2020-02-03', 'Purchase', 40500.00, 40000.00, 500.00, 17, 18);

-- --------------------------------------------------------

--
-- Table structure for table `rates`
--

DROP TABLE IF EXISTS `rates`;
CREATE TABLE IF NOT EXISTS `rates` (
  `id` bigint(20) UNSIGNED NOT NULL AUTO_INCREMENT,
  `client_id` int(11) NOT NULL,
  `product_id` int(11) NOT NULL,
  `client_rate` double(8,2) NOT NULL,
  `created_at` timestamp NULL DEFAULT NULL,
  `updated_at` timestamp NULL DEFAULT NULL,
  `user_id` int(11) NOT NULL,
  PRIMARY KEY (`id`)
) ENGINE=MyISAM AUTO_INCREMENT=357 DEFAULT CHARSET=utf8mb4 COLLATE=utf8mb4_unicode_ci;

--
-- Dumping data for table `rates`
--

INSERT INTO `rates` (`id`, `client_id`, `product_id`, `client_rate`, `created_at`, `updated_at`, `user_id`) VALUES
(114, 10, 13, 10.00, NULL, '2020-01-07 05:25:30', 1),
(113, 10, 9, 10.00, NULL, '2020-01-07 05:25:30', 1),
(112, 1, 28, 1500.00, NULL, NULL, 1),
(356, 120, 63, 200.00, NULL, NULL, 1),
(110, 1, 19, 100.00, NULL, NULL, 1),
(116, 10, 18, 10.00, NULL, '2020-01-07 05:25:30', 1),
(102, 1, 18, 100.00, NULL, NULL, 1),
(117, 10, 19, 10.00, NULL, '2020-01-07 05:25:30', 1),
(355, 125, 63, 200.00, NULL, NULL, 1),
(119, 10, 28, 10.00, NULL, '2020-01-07 05:25:30', 1),
(134, 7, 9, 500.00, NULL, NULL, 1),
(354, 104, 63, 200.00, NULL, NULL, 1),
(124, 6, 19, 100.00, NULL, NULL, 1),
(168, 120, 28, 1500.00, NULL, NULL, 1),
(353, 11, 63, 200.00, NULL, NULL, 1),
(166, 120, 19, 100.00, NULL, NULL, 1),
(165, 120, 18, 100.00, NULL, NULL, 1),
(163, 120, 13, 1000.00, NULL, NULL, 1),
(162, 120, 9, 500.00, NULL, NULL, 1),
(161, 3, 28, 1.00, NULL, NULL, 1),
(352, 10, 63, 200.00, NULL, NULL, 1),
(159, 3, 19, 100.00, NULL, NULL, 1),
(107, 1, 13, 1000.00, NULL, NULL, 1),
(158, 3, 18, 100.00, NULL, NULL, 1),
(144, 2, 18, 100.00, NULL, NULL, 1),
(156, 3, 13, 1000.00, NULL, NULL, 1),
(155, 3, 9, 500.00, NULL, NULL, 1),
(154, 11, 28, 1.00, NULL, '2020-01-18 02:32:46', 1),
(351, 9, 63, 300.00, NULL, '2020-01-27 01:17:33', 1),
(152, 11, 19, 100.00, NULL, '2020-01-18 02:32:46', 1),
(151, 11, 18, 100.00, NULL, '2020-01-18 02:32:46', 1),
(149, 11, 13, 1000.00, NULL, '2020-01-18 02:32:46', 1),
(148, 11, 9, 500.00, NULL, '2020-01-18 02:32:46', 1),
(147, 2, 28, 1.00, NULL, NULL, 1),
(350, 7, 63, 200.00, NULL, NULL, 1),
(145, 2, 19, 100.00, NULL, NULL, 1),
(142, 2, 13, 1000.00, NULL, NULL, 1),
(141, 2, 9, 500.00, NULL, NULL, 1),
(133, 6, 28, 1.00, NULL, NULL, 1),
(140, 7, 28, 1.00, NULL, NULL, 1),
(135, 7, 13, 1000.00, NULL, NULL, 1),
(137, 7, 18, 100.00, NULL, NULL, 1),
(106, 1, 9, 500.00, NULL, NULL, 1),
(138, 7, 19, 100.00, NULL, NULL, 1),
(349, 6, 63, 200.00, NULL, NULL, 1),
(123, 6, 18, 100.00, NULL, NULL, 1),
(121, 6, 13, 1000.00, NULL, NULL, 1),
(120, 6, 9, 500.00, NULL, NULL, 1),
(64, 9, 9, 6.00, '2020-01-01 03:02:08', '2020-01-27 01:17:33', 1),
(65, 9, 13, 6.00, '2020-01-01 03:02:08', '2020-01-27 01:17:33', 1),
(67, 9, 18, 6.00, '2020-01-01 03:02:08', '2020-01-27 01:17:33', 1),
(68, 9, 19, 6.00, '2020-01-01 03:02:08', '2020-01-27 01:17:33', 1),
(348, 4, 63, 200.00, NULL, NULL, 1),
(70, 9, 28, 6.00, '2020-01-01 03:02:08', '2020-01-27 01:17:33', 1),
(183, 4, 9, 500.00, NULL, NULL, 1),
(184, 4, 13, 1000.00, NULL, NULL, 1),
(186, 4, 18, 100.00, NULL, NULL, 1),
(187, 4, 19, 100.00, NULL, NULL, 1),
(347, 3, 63, 200.00, NULL, NULL, 1),
(189, 4, 28, 1500.00, NULL, NULL, 1),
(190, 104, 9, 500.00, NULL, NULL, 1),
(191, 104, 13, 1000.00, NULL, NULL, 1),
(193, 104, 18, 100.00, NULL, NULL, 1),
(194, 104, 19, 100.00, NULL, NULL, 1),
(346, 2, 63, 200.00, NULL, NULL, 1),
(196, 104, 28, 1500.00, NULL, NULL, 1),
(197, 125, 9, 200.00, '2020-01-12 02:05:29', NULL, 1),
(198, 125, 13, 500.00, '2020-01-12 02:05:29', NULL, 1),
(345, 1, 63, 200.00, NULL, NULL, 1),
(200, 125, 18, 50.00, '2020-01-12 02:05:29', NULL, 1),
(201, 125, 19, 50.00, '2020-01-12 02:05:29', NULL, 1),
(203, 125, 28, 1000.00, '2020-01-12 02:05:29', NULL, 1),
(204, 1, 39, 100.00, NULL, NULL, 2),
(217, 1, 53, 100.00, NULL, NULL, 2),
(218, 2, 53, 100.00, NULL, NULL, 2),
(219, 3, 53, 100.00, NULL, NULL, 2),
(220, 4, 53, 100.00, NULL, NULL, 2),
(221, 6, 53, 100.00, NULL, NULL, 2),
(222, 7, 53, 100.00, NULL, NULL, 2),
(223, 9, 53, 100.00, NULL, '2020-01-27 01:17:33', 2),
(224, 10, 53, 100.00, NULL, NULL, 2),
(225, 11, 53, 1000.00, NULL, '2020-01-18 02:32:47', 2),
(226, 104, 53, 100.00, NULL, NULL, 2),
(227, 125, 53, 100.00, NULL, NULL, 2),
(228, 120, 53, 100.00, NULL, NULL, 2),
(229, 1, 54, 100.00, NULL, NULL, 1),
(230, 2, 54, 100.00, NULL, NULL, 1),
(231, 3, 54, 100.00, NULL, NULL, 1),
(232, 4, 54, 100.00, NULL, NULL, 1),
(233, 6, 54, 100.00, NULL, NULL, 1),
(234, 7, 54, 100.00, NULL, NULL, 1),
(235, 9, 54, 100.00, NULL, '2020-01-27 01:17:33', 1),
(236, 10, 54, 100.00, NULL, NULL, 1),
(237, 11, 54, 100.00, NULL, NULL, 1),
(238, 104, 54, 100.00, NULL, NULL, 1),
(239, 125, 54, 100.00, NULL, NULL, 1),
(240, 120, 54, 100.00, NULL, NULL, 1),
(241, 1, 55, 1200.00, NULL, NULL, 1),
(242, 2, 55, 1200.00, NULL, NULL, 1),
(243, 3, 55, 1200.00, NULL, NULL, 1),
(244, 4, 55, 1200.00, NULL, NULL, 1),
(245, 6, 55, 1200.00, NULL, NULL, 1),
(246, 7, 55, 1200.00, NULL, NULL, 1),
(247, 9, 55, 1200.00, NULL, '2020-01-27 01:17:33', 1),
(248, 10, 55, 1200.00, NULL, NULL, 1),
(249, 11, 55, 1200.00, NULL, NULL, 1),
(250, 104, 55, 1200.00, NULL, NULL, 1),
(251, 125, 55, 1200.00, NULL, NULL, 1),
(252, 120, 55, 1200.00, NULL, NULL, 1);

-- --------------------------------------------------------

--
-- Table structure for table `settings`
--

DROP TABLE IF EXISTS `settings`;
CREATE TABLE IF NOT EXISTS `settings` (
  `id` bigint(20) UNSIGNED NOT NULL AUTO_INCREMENT,
  `vendor_name` varchar(191) COLLATE utf8mb4_unicode_ci NOT NULL,
  `address` varchar(191) COLLATE utf8mb4_unicode_ci NOT NULL,
  `user_id` int(11) NOT NULL,
  `created_at` timestamp NULL DEFAULT NULL,
  `updated_at` timestamp NULL DEFAULT NULL,
  PRIMARY KEY (`id`),
  UNIQUE KEY `user_id` (`user_id`),
  UNIQUE KEY `settings_user_id_unique` (`user_id`)
) ENGINE=MyISAM AUTO_INCREMENT=30 DEFAULT CHARSET=utf8mb4 COLLATE=utf8mb4_unicode_ci;

--
-- Dumping data for table `settings`
--

INSERT INTO `settings` (`id`, `vendor_name`, `address`, `user_id`, `created_at`, `updated_at`) VALUES
(1, 'UnMe Store', 'New Baneshwor - 34, Kathmandu', 1, '2020-01-08 00:49:19', '2020-01-19 03:47:43'),
(25, 'somewhere', 'some place', 2, '2020-01-27 01:40:31', '2020-01-27 01:40:31'),
(22, 'Password of aa@aa.com', 'aaaaaaaa', 3, '2020-01-10 01:42:15', '2020-01-10 01:54:01');

-- --------------------------------------------------------

--
-- Table structure for table `types`
--

DROP TABLE IF EXISTS `types`;
CREATE TABLE IF NOT EXISTS `types` (
  `id` bigint(20) UNSIGNED NOT NULL AUTO_INCREMENT,
  `type_name` varchar(191) COLLATE utf8mb4_unicode_ci NOT NULL,
  `created_at` timestamp NULL DEFAULT NULL,
  `updated_at` timestamp NULL DEFAULT NULL,
  PRIMARY KEY (`id`)
) ENGINE=MyISAM AUTO_INCREMENT=3 DEFAULT CHARSET=utf8mb4 COLLATE=utf8mb4_unicode_ci;

--
-- Dumping data for table `types`
--

INSERT INTO `types` (`id`, `type_name`, `created_at`, `updated_at`) VALUES
(1, 'Purchase', '2019-11-13 03:09:41', '2019-11-13 03:09:41'),
(2, 'Sale', '2019-11-13 03:09:59', '2019-11-13 03:09:59');

-- --------------------------------------------------------

--
-- Table structure for table `users`
--

DROP TABLE IF EXISTS `users`;
CREATE TABLE IF NOT EXISTS `users` (
  `id` bigint(20) UNSIGNED NOT NULL AUTO_INCREMENT,
  `name` varchar(191) COLLATE utf8mb4_unicode_ci NOT NULL,
  `email` varchar(191) COLLATE utf8mb4_unicode_ci NOT NULL,
  `email_verified_at` timestamp NULL DEFAULT NULL,
  `password` varchar(191) COLLATE utf8mb4_unicode_ci NOT NULL,
  `remember_token` varchar(100) COLLATE utf8mb4_unicode_ci DEFAULT NULL,
  `created_at` timestamp NULL DEFAULT NULL,
  `updated_at` timestamp NULL DEFAULT NULL,
  `is_admin` tinyint(1) NOT NULL DEFAULT '0',
  PRIMARY KEY (`id`),
  UNIQUE KEY `users_email_unique` (`email`)
) ENGINE=MyISAM AUTO_INCREMENT=43 DEFAULT CHARSET=utf8mb4 COLLATE=utf8mb4_unicode_ci;

--
-- Dumping data for table `users`
--

INSERT INTO `users` (`id`, `name`, `email`, `email_verified_at`, `password`, `remember_token`, `created_at`, `updated_at`, `is_admin`) VALUES
(1, 'Ayush Prajapati', 'admin@admin', NULL, '$2y$10$DjdQTvABufXSVvSpbioeiegni7gRh0mOdgYIAxX0WAJ3JP2dKBKRO', 'pCGfanlU6tYUmevcKzpILXeinhiWz2MzbBV1DT4mCM1nhSA6Sqbq8C1ZI1nv', '2019-10-04 09:42:46', '2020-02-07 04:24:56', 1),
(2, 'Iush Praz', 'iush.praz@gmail.com', NULL, '$2y$10$nq.lBDhLSKOvjIM7K3loy.KhHwUXd2IQXGSOcaI4eJUg2I3sfk6Eu', NULL, '2019-10-05 01:09:07', '2019-10-05 01:09:07', 0),
(3, 'pk', 'aa@aa.com', NULL, '$2y$10$Q11r9zZlDEZOyeK.s34BQ.u8KStNCsQriZH6nM1TdsKFobM7jhk3K', NULL, '2019-11-11 01:19:26', '2019-11-11 01:19:26', 0),
(42, 'ram', 'ram@ram', NULL, '$2y$10$gwsPUm3GUcA58ndDTLUI4.HAqdfCMnVop2byG986DXI0cCGYV/mr.', NULL, '2020-02-09 00:15:13', '2020-02-09 00:15:13', 0);
COMMIT;

/*!40101 SET CHARACTER_SET_CLIENT=@OLD_CHARACTER_SET_CLIENT */;
/*!40101 SET CHARACTER_SET_RESULTS=@OLD_CHARACTER_SET_RESULTS */;
/*!40101 SET COLLATION_CONNECTION=@OLD_COLLATION_CONNECTION */;
